{ 
	"topic" : "gaze",
	"gaze_point_3d" : [ 27.8072429601219, -13.9933566897861, 108.867225311127 ], 
	"confidence" : 0.772204410409577, 
	"gaze_normals_3d" : { 0 : [ -0.0383472492825836, -0.0871628450655539, 0.995455738299065 ] }, 
	"base_data" : [ { "topic" : "pupil", "projected_sphere" : { "angle" : 90, "axes" : [ 1189.38492837125, 1189.38492837125 ], "center" : [ 141.383476003803, -164.617519573829 ] }, "timestamp" : 302.743950639, "norm_pos" : [ 0.63952443935735, 0.592341538208 ], "model_confidence" : 1, "model_id" : 1, "theta" : 2.28350292143361, "diameter_3d" : 0.331752980195332, "id" : 0, "model_birth_timestamp" : 302.171940787, "confidence" : 0.772204410409577, "circle_3d" : { "radius" : 0.165876490097666, "center" : [ 0.647428812514594, -0.317965823971371, 4.48855529148782 ], "normal" : [ 0.35430348122816, 0.653883959150168, -0.66850939496443 ] }, "diameter" : 46.4124530236259, "phi" : -1.08344533595846, "method" : "3d c++", "ellipse" : { "angle" : 53.8169448939627, "axes" : [ 30.0639484924531, 46.4124530236259 ], "center" : [ 409.295641188704, 195.67606166016 ] }, "sphere" : { "radius" : 12, "center" : [ -3.60421296222333, -8.16457333377339, 12.510668031061 ] } } ],
	"norm_pos" : [ 0.639684702630726, 0.624965546778763 ], 
	"timestamp" : 302.743950639, 
	"eye_centers_3d" : { 0 : [ 32.0031234552049, -4.45616984200347, -0.0535811140805187 ], 1 : [ 32.0031234552049, -4.45616984200347, -0.0535811140805187 ] } }

//currently receiving 2D

//{ 
	"id" : 0, 
	"timestamp" : 3989.111085098, 
	"norm_pos" : [ 0.172162497907475, 0.172162497907475 ], 
	"base_data" : [ { 
		"ellipse" : { "center" : [ 320, 240 ], "axes" : [ 0, 0 ], "angle" : 90 }, 
		"id" : 0, 
		"model_id" : 1, 
		"circle_3d" : { "radius" : 0, "center" : [ 0, 0, 0 ], "normal" : [ 0, 0, 0 ] }, 
		"timestamp" : 3989.111085098, 
		"norm_pos" : [ 0.5, 0.5 ], 
		"topic" : "pupil", 
		"diameter_3d" : 0, 
		"confidence" : 0, 
		"sphere" : { "radius" : 12, "center" : [ 1.12050680564628, -7.89782644319141, 32.574928626051 ] }, 
		"model_confidence" : 1, 
		"projected_sphere" : { "center" : [ 341.326653619898, 89.6803338852847 ], "axes" : [ 456.793019282322, 456.793019282322 ], "angle" : 90 }, 
		"model_birth_timestamp" : 3948.354813131, 
		"theta" : 0, 
		"diameter" : 0, 
		"method" : "3d c++", 
		"phi" : 0 } ], 
"topic" : "gaze", 
"confidence" : 0 }(625 bytes)


//currently receiving 3D
/*
{ "gaze_point_3d" : [ 46.0909474024199, -44.1992954192324, 120.483962194885 ], "topic" : "gaze", "confidence" : 0.955069318301386,"timestamp" : 4416.040084029,"norm_pos" : [ 0.709206158243096, 0.856657736268959 ],
	"base_data" : [ {
		"circle_3d" : { "center" : [ 1.73761307743787, 0.0247974947803176, 13.6724317709937 ], "radius" : 0.941950415932888, "normal" : [ 0.0947552735466405, 0.647440681433942, -0.756202355298801 ] }, 
		"topic" : "pupil", 
		"diameter" : 86.1482826241149, 
		"confidence" : 0.955069318301386, 
		"method" : "3d c++", 
		"model_birth_timestamp" : 4366.429595186, 
		"theta" : 2.27501777799116,
		"norm_pos" : [ 0.623037851649883, 0.500660265746659 ], 
		"ellipse" : { "center" : [ 398.744225055925, 239.683072441604 ], "axes" : [ 63.1345382430424, 86.1482826241149 ], "angle" : 74.1312777510375 },
		"model_confidence" : 0.252547037745687, 
		"id" : 0, 
		"timestamp" : 4416.054238449, 
		"sphere" : {"center" : [ 0.600549794878179, -7.74449068242698, 22.7468600345793 ],"radius" : 12 },
		"projected_sphere" : { "center" : [ 336.36889101434, 28.9122183982554 ], "axes" : [ 654.156221007195, 654.156221007195 ], "angle" : 90 }, 
		"diameter_3d" : 1.88390083186578, 
		"model_id" : 1, 
		"phi" : -1.44614189849221 }, {
		"circle_3d" : { "center" : [ 0.12186259816205, -0.446586214539252, 8.93938330345225 ], "radius" : 0.54075264997518, "normal" : [ 0.117901389591893, -0.598573167674582, -0.792344259316818 ] }, 
		"topic" : "pupil", "diameter" : 75.0604879291462, "confidence" : 0.977923152444965, 
		"method" : "3d c++", 
		"model_birth_timestamp" : 4366.53638786, "theta" : 0.929077568062984, "norm_pos" : [ 0.51289250712097, 0.562371314736366 ],
		"ellipse" : { "center" : [ 328.251204557421, 210.061768926544 ], "axes" : [ 57.1467978905165, 75.0604879291462 ], "angle" : -78.6213465489561 }, "model_confidence" : 1, 
	"id" : 1, 
		"timestamp" : 4416.025929609,
		"sphere" : { "center" : [ -1.29295407694067, 6.73629179755573, 18.4475144152541 ], "radius" : 12 },
		"projected_sphere" : { "center" : [ 276.545282488553, 466.399113748953 ], "axes" : [ 806.612731940509, 806.612731940509 ], "angle" : 90 }, "diameter_3d" : 1.08150529995036,
		"model_id" : 1, "phi" : -1.42307948326069 } ], 
	"eye_centers_3d" : { 0 : [ 33.0921588956493, 5.74632670467963, -4.22001748521808 ], 1 : [ -23.6550224204927, 3.70586119460581, 8.13679281176432 ] },
	"gaze_normals_3d" : { 0 : [ 0.0987248464217954, -0.318530477806275, 0.942757518881445 ], 1 : [ 0.492594698435958, -0.391079471972094, 0.777436370177531 ] } }
(1375 bytes)
*/